Filename,P_BEAM_WIDTH,P_EN,P_EVALUATION,P_QUEUE_SIZE,P_SLICE,P_SN,P_THRESHOLD,Result Size,Execution Time (sec),Used pmode=2
result_SN4_EN12_SLICE2_BEAM_WIDTH16384_THRESHOLD22_202603d_212936.txt,16384,12,,,2,4,22,74,5.238,False
result_SN5_EN10_SLICE2_BEAM_WIDTH16384_THRESHOLD22_202603d_213216.txt,16384,10,,,2,5,22,95,5.786,False
result_SN4_EN10_SLICE2_BEAM_WIDTH16384_THRESHOLD22_202603d_212635.txt,16384,10,,,2,4,22,73,5.876,False
result_SN5_EN12_SLICE1_BEAM_WIDTH16384_THRESHOLD22_202603d_213331.txt,16384,12,,,1,5,22,71,5.965,False
result_SN4_EN12_SLICE1_BEAM_WIDTH16384_THRESHOLD22_202603d_212808.txt,16384,12,,,1,4,22,78,6.091,False
result_SN5_EN10_SLICE1_BEAM_WIDTH16384_THRESHOLD22_202603d_213107.txt,16384,10,,,1,5,22,89,6.946,False
result_SN5_EN12_SLICE2_BEAM_WIDTH16384_THRESHOLD22_202603d_213453.txt,16384,12,,,2,5,22,101,7.048,False
result_SN4_EN10_SLICE1_BEAM_WIDTH16384_THRESHOLD22_202603d_212503.txt,16384,10,,,1,4,22,81,7.264,False
result_BEAM_WIDTH262144_EVALUATION3_SLICE2_THRESHOLD24_SN6_EN14_202603d_065227.txt,262144,14,3,,2,6,24,66,40.307,False
result_SN4_EN12_SLICE2_BEAM_WIDTH262144_THRESHOLD22_202603d_212834.txt,262144,12,,,2,4,22,68,40.807,False
result_SN4_EN10_SLICE2_BEAM_WIDTH262144_THRESHOLD22_202603d_212529.txt,262144,10,,,2,4,22,75,40.824,False
result_SN2_EN10_SLICE1_BEAM_WIDTH262144_THRESHOLD20_EVALUATION1_202603d_215739.txt,262144,10,1,,1,2,20,66,41.584,False
result_SN2_EN10_SLICE2_BEAM_WIDTH262144_THRESHOLD20_EVALUATION2_202603d_220456.txt,262144,10,2,,2,2,20,66,42.02,False
result_BEAM_WIDTH262144_EVALUATION3_SLICE1_THRESHOLD16_SN2_EN11_202603d_000735.txt,262144,11,3,,1,2,16,65,42.026,False
result_SN5_EN12_SLICE2_BEAM_WIDTH262144_THRESHOLD22_202603d_213354.txt,262144,12,,,2,5,22,70,42.171,False
result_BEAM_WIDTH262144_EVALUATION3_SLICE1_THRESHOLD16_SN2_EN10_202603d_000642.txt,262144,10,3,,1,2,16,66,42.301,False
result_BEAM_WIDTH262144_EVALUATION3_SLICE2_THRESHOLD22_SN7_EN12_202603d_061733.txt,262144,12,3,,2,7,22,71,42.601,False
result_BEAM_WIDTH262144_EVALUATION3_SLICE2_THRESHOLD24_SN5_EN10_202603d_064138.txt,262144,10,3,,2,5,24,67,42.662,False
result_BEAM_WIDTH262144_EVALUATION3_SLICE2_THRESHOLD16_SN7_EN10_202603d_041543.txt,262144,10,3,,2,7,16,64,42.76,False
result_SN2_EN10_SLICE3_BEAM_WIDTH262144_THRESHOLD24_EVALUATION1_202603d_221418.txt,262144,10,1,,3,2,24,74,42.803,False
result_BEAM_WIDTH262144_EVALUATION3_SLICE2_THRESHOLD22_SN7_EN11_202603d_061635.txt,262144,11,3,,2,7,22,68,42.851,False
result_SN2_EN10_SLICE3_BEAM_WIDTH262144_THRESHOLD22_EVALUATION1_202603d_221212.txt,262144,10,1,,3,2,22,70,42.884,False
result_SN5_EN10_SLICE2_BEAM_WIDTH262144_THRESHOLD22_202603d_213124.txt,262144,10,,,2,5,22,69,43.03,False
result_BEAM_WIDTH262144_EVALUATION3_SLICE1_THRESHOLD24_SN7_EN10_202603d_033424.txt,262144,10,3,,1,7,24,71,43.399,False
result_SN2_EN12_SLICE32_BEAM_WIDTH262144_THRESHOLD24_EVALUATION1_202603d_225331.txt,262144,12,1,,32,2,24,82,43.884,False
result_SN2_EN10_SLICE64_BEAM_WIDTH262144_THRESHOLD24_EVALUATION1_202603d_222639.txt,262144,10,1,,64,2,24,80,43.99,False
result_SN5_EN12_SLICE1_BEAM_WIDTH262144_THRESHOLD22_202603d_213234.txt,262144,12,,,1,5,22,65,44.11,False
result_SN2_EN10_SLICE32_BEAM_WIDTH262144_THRESHOLD24_EVALUATION1_202603d_222017.txt,262144,10,1,,32,2,24,80,44.111,False
result_SN4_EN12_SLICE1_BEAM_WIDTH262144_THRESHOLD22_202603d_212702.txt,262144,12,,,1,4,22,70,44.16,False
result_SN2_EN10_SLICE32_BEAM_WIDTH262144_THRESHOLD22_EVALUATION1_202603d_221818.txt,262144,10,1,,32,2,22,80,44.387,False
result_SN2_EN12_SLICE32_BEAM_WIDTH262144_THRESHOLD22_EVALUATION1_202603d_225119.txt,262144,12,1,,32,2,22,73,44.633,False
result_SN2_EN12_SLICE3_BEAM_WIDTH262144_THRESHOLD22_EVALUATION2_202603d_224558.txt,262144,12,2,,3,2,22,73,44.637,False
result_BEAM_WIDTH262144_EVALUATION3_SLICE2_THRESHOLD24_SN7_EN10_202603d_065429.txt,262144,10,3,,2,7,24,73,44.744,False
result_SN2_EN12_SLICE32_BEAM_WIDTH262144_THRESHOLD24_EVALUATION2_202603d_225431.txt,262144,12,2,,32,2,24,80,44.815,False
result_SN2_EN10_SLICE2_BEAM_WIDTH262144_THRESHOLD22_EVALUATION2_202603d_220659.txt,262144,10,2,,2,2,22,71,44.946,False
result_BEAM_WIDTH262144_EVALUATION3_SLICE2_THRESHOLD18_SN5_EN11_202603d_044344.txt,262144,11,3,,2,5,18,63,45.019,False
result_SN2_EN10_SLICE32_BEAM_WIDTH262144_THRESHOLD20_EVALUATION2_202603d_221721.txt,262144,10,2,,32,2,20,78,45.104,False
result_SN2_EN12_SLICE64_BEAM_WIDTH262144_THRESHOLD24_EVALUATION2_202603d_230122.txt,262144,12,2,,64,2,24,81,45.136,False
result_BEAM_WIDTH262144_EVALUATION3_SLICE1_THRESHOLD20_SN7_EN14_202603d_021341.txt,262144,14,3,,1,7,20,67,45.147,False
result_BEAM_WIDTH262144_EVALUATION3_SLICE2_THRESHOLD24_SN4_EN15_202603d_064039.txt,262144,15,3,,2,4,24,66,45.162,False
result_BEAM_WIDTH262144_EVALUATION3_SLICE2_THRESHOLD22_SN5_EN13_202603d_060558.txt,262144,13,3,,2,5,22,65,45.21,False
result_SN2_EN12_SLICE3_BEAM_WIDTH262144_THRESHOLD22_EVALUATION1_202603d_224454.txt,262144,12,1,,3,2,22,67,45.215,False
result_BEAM_WIDTH262144_EVALUATION3_SLICE1_THRESHOLD22_SN7_EN11_202603d_025245.txt,262144,11,3,,1,7,22,69,45.231,False
result_BEAM_WIDTH262144_EVALUATION3_SLICE2_THRESHOLD18_SN7_EN11_202603d_045626.txt,262144,11,3,,2,7,18,70,45.292,False
result_BEAM_WIDTH262144_EVALUATION3_SLICE2_THRESHOLD18_SN6_EN15_202603d_045424.txt,262144,15,3,,2,6,18,67,45.586,False
result_BEAM_WIDTH262144_SLICE1_EVALUATION1_THRESHOLD18_SN2_EN10_202603d_232340.txt,262144,10,1,,1,2,18,71,45.698,False
result_BEAM_WIDTH262144_EVALUATION3_SLICE2_THRESHOLD16_SN5_EN13_202603d_040539.txt,262144,13,3,,2,5,16,65,45.847,False
result_BEAM_WIDTH262144_EVALUATION3_SLICE2_THRESHOLD20_SN6_EN11_202603d_053022.txt,262144,11,3,,2,6,20,70,45.935,False
result_BEAM_WIDTH262144_EVALUATION3_SLICE2_THRESHOLD24_SN6_EN13_202603d_065127.txt,262144,13,3,,2,6,24,71,45.935,False
result_SN2_EN10_SLICE3_BEAM_WIDTH262144_THRESHOLD20_EVALUATION1_202603d_220957.txt,262144,10,1,,3,2,20,70,45.947,False
result_BEAM_WIDTH262144_EVALUATION3_SLICE1_THRESHOLD24_SN7_EN11_202603d_033522.txt,262144,11,3,,1,7,24,69,45.983,False
result_BEAM_WIDTH262144_EVALUATION3_SLICE2_THRESHOLD18_SN5_EN14_202603d_044659.txt,262144,14,3,,2,5,18,64,46.063,False
result_SN2_EN10_SLICE3_BEAM_WIDTH262144_THRESHOLD24_EVALUATION2_202603d_221517.txt,262144,10,2,,3,2,24,71,46.293,False
result_BEAM_WIDTH262144_EVALUATION3_SLICE2_THRESHOLD18_SN7_EN15_202603d_050044.txt,262144,15,3,,2,7,18,72,46.384,False
result_BEAM_WIDTH262144_EVALUATION3_SLICE2_THRESHOLD16_SN6_EN10_202603d_040917.txt,262144,10,3,,2,6,16,65,46.442,False
result_SN2_EN10_SLICE1_BEAM_WIDTH262144_THRESHOLD22_EVALUATION1_202603d_215934.txt,262144,10,1,,1,2,22,69,46.475,False
result_SN2_EN10_SLICE2_BEAM_WIDTH262144_THRESHOLD24_EVALUATION2_202603d_220855.txt,262144,10,2,,2,2,24,71,46.486,False
result_SN2_EN12_SLICE3_BEAM_WIDTH262144_THRESHOLD20_EVALUATION2_202603d_224351.txt,262144,12,2,,3,2,20,72,46.76,False
result_SN2_EN10_SLICE2_BEAM_WIDTH262144_THRESHOLD24_EVALUATION1_202603d_220755.txt,262144,10,1,,2,2,24,73,46.841,False
result_BEAM_WIDTH262144_EVALUATION3_SLICE2_THRESHOLD20_SN7_EN15_202603d_054114.txt,262144,15,3,,2,7,20,68,46.851,False
result_BEAM_WIDTH262144_EVALUATION3_SLICE2_THRESHOLD20_SN7_EN10_202603d_053545.txt,262144,10,3,,2,7,20,72,46.867,False
result_SN2_EN10_SLICE64_BEAM_WIDTH262144_THRESHOLD22_EVALUATION2_202603d_222531.txt,262144,10,2,,64,2,22,82,46.906,False
result_SN2_EN12_SLICE2_BEAM_WIDTH262144_THRESHOLD20_EVALUATION2_202603d_223657.txt,262144,12,2,,2,2,20,69,46.928,False
result_BEAM_WIDTH262144_EVALUATION3_SLICE2_THRESHOLD22_SN5_EN15_202603d_060802.txt,262144,15,3,,2,5,22,69,46.931,False
result_BEAM_WIDTH262144_EVALUATION3_SLICE2_THRESHOLD22_SN6_EN13_202603d_061210.txt,262144,13,3,,2,6,22,70,46.957,False
result_BEAM_WIDTH262144_EVALUATION3_SLICE1_THRESHOLD20_SN6_EN10_202603d_020246.txt,262144,10,3,,1,6,20,63,46.995,False
result_BEAM_WIDTH262144_EVALUATION3_SLICE2_THRESHOLD18_SN5_EN15_202603d_044758.txt,262144,15,3,,2,5,18,66,47.014,False
result_BEAM_WIDTH262144_EVALUATION3_SLICE2_THRESHOLD24_SN4_EN10_202603d_063517.txt,262144,10,3,,2,4,24,67,47.1,False
result_BEAM_WIDTH262144_EVALUATION3_SLICE2_THRESHOLD16_SN3_EN13_202603d_035200.txt,262144,13,3,,2,3,16,66,47.281,False
result_BEAM_WIDTH262144_EVALUATION3_SLICE1_THRESHOLD16_SN5_EN15_202603d_003318.txt,262144,15,3,,1,5,16,62,47.284,False
result_SN2_EN10_SLICE2_BEAM_WIDTH262144_THRESHOLD20_EVALUATION1_202603d_220357.txt,262144,10,1,,2,2,20,74,47.325,False
result_SN2_EN10_SLICE64_BEAM_WIDTH262144_THRESHOLD22_EVALUATION1_202603d_222432.txt,262144,10,1,,64,2,22,82,47.376,False
result_BEAM_WIDTH262144_EVALUATION3_SLICE2_THRESHOLD18_SN6_EN10_202603d_044859.txt,262144,10,3,,2,6,18,67,47.449,False
result_SN2_EN10_SLICE1_BEAM_WIDTH262144_THRESHOLD20_EVALUATION2_202603d_215835.txt,262144,10,2,,1,2,20,75,47.474,False
result_BEAM_WIDTH262144_EVALUATION3_SLICE2_THRESHOLD18_SN6_EN13_202603d_045210.txt,262144,13,3,,2,6,18,69,47.502,False
result_BEAM_WIDTH262144_EVALUATION3_SLICE1_THRESHOLD24_SN5_EN11_202603d_032205.txt,262144,11,3,,1,5,24,63,47.57,False
result_BEAM_WIDTH262144_EVALUATION3_SLICE2_THRESHOLD22_SN6_EN10_202603d_060900.txt,262144,10,3,,2,6,22,70,47.657,False
result_SN2_EN10_SLICE32_BEAM_WIDTH262144_THRESHOLD22_EVALUATION2_202603d_221916.txt,262144,10,2,,32,2,22,81,47.682,False
result_SN2_EN12_SLICE64_BEAM_WIDTH262144_THRESHOLD20_EVALUATION2_202603d_225631.txt,262144,12,2,,64,2,20,79,47.732,False
result_BEAM_WIDTH262144_SLICE1_EVALUATION1_THRESHOLD18_SN3_EN11_202603d_232823.txt,262144,11,1,,1,3,18,67,47.821,False
result_BEAM_WIDTH262144_EVALUATION3_SLICE1_THRESHOLD18_SN7_EN12_202603d_012831.txt,262144,12,3,,1,7,18,67,47.89,False
result_BEAM_WIDTH262144_EVALUATION3_SLICE1_THRESHOLD24_SN7_EN14_202603d_033834.txt,262144,14,3,,1,7,24,75,48.021,False
result_BEAM_WIDTH262144_SLICE1_EVALUATION1_THRESHOLD18_SN3_EN12_202603d_232923.txt,262144,12,1,,1,3,18,66,48.029,False
result_SN2_EN12_SLICE2_BEAM_WIDTH262144_THRESHOLD24_EVALUATION1_202603d_224002.txt,262144,12,1,,2,2,24,68,48.082,False
result_BEAM_WIDTH262144_EVALUATION3_SLICE2_THRESHOLD16_SN7_EN11_202603d_041638.txt,262144,11,3,,2,7,16,68,48.146,False
result_SN2_EN10_SLICE3_BEAM_WIDTH262144_THRESHOLD22_EVALUATION2_202603d_221311.txt,262144,10,2,,3,2,22,76,48.171,False
result_SN2_EN12_SLICE2_BEAM_WIDTH262144_THRESHOLD22_EVALUATION1_202603d_223759.txt,262144,12,1,,2,2,22,70,48.214,False
result_BEAM_WIDTH262144_EVALUATION3_SLICE1_THRESHOLD20_SN6_EN12_202603d_020451.txt,262144,12,3,,1,6,20,64,48.233,False
result_BEAM_WIDTH262144_SLICE1_EVALUATION1_THRESHOLD18_SN2_EN11_202603d_232447.txt,262144,11,1,,1,2,18,70,48.261,False
result_SN2_EN12_SLICE32_BEAM_WIDTH262144_THRESHOLD20_EVALUATION1_202603d_224912.txt,262144,12,1,,32,2,20,78,48.276,False
result_SN2_EN12_SLICE2_BEAM_WIDTH262144_THRESHOLD22_EVALUATION2_202603d_223902.txt,262144,12,2,,2,2,22,69,48.332,False
result_BEAM_WIDTH262144_EVALUATION3_SLICE2_THRESHOLD18_SN7_EN14_202603d_045941.txt,262144,14,3,,2,7,18,70,48.44,False
result_BEAM_WIDTH262144_EVALUATION3_SLICE2_THRESHOLD22_SN7_EN13_202603d_061829.txt,262144,13,3,,2,7,22,75,48.491,False
result_BEAM_WIDTH262144_EVALUATION3_SLICE2_THRESHOLD24_SN5_EN14_202603d_064557.txt,262144,14,3,,2,5,24,71,48.529,False
result_BEAM_WIDTH262144_EVALUATION3_SLICE2_THRESHOLD22_SN3_EN10_202603d_054915.txt,262144,10,3,,2,3,22,69,48.569,False
result_BEAM_WIDTH262144_EVALUATION3_SLICE2_THRESHOLD20_SN7_EN14_202603d_054011.txt,262144,14,3,,2,7,20,72,48.61,False
result_BEAM_WIDTH262144_EVALUATION3_SLICE2_THRESHOLD22_SN6_EN15_202603d_061427.txt,262144,15,3,,2,6,22,71,48.626,False
result_BEAM_WIDTH262144_EVALUATION3_SLICE2_THRESHOLD22_SN4_EN10_202603d_055556.txt,262144,10,3,,2,4,22,69,48.655,False
result_BEAM_WIDTH262144_EVALUATION3_SLICE1_THRESHOLD24_SN6_EN11_202603d_032856.txt,262144,11,3,,1,6,24,70,48.679,False
result_BEAM_WIDTH262144_EVALUATION3_SLICE1_THRESHOLD16_SN2_EN14_202603d_001050.txt,262144,14,3,,1,2,16,62,48.745,False
result_BEAM_WIDTH262144_EVALUATION3_SLICE2_THRESHOLD22_SN6_EN11_202603d_061002.txt,262144,11,3,,2,6,22,73,48.776,False
result_BEAM_WIDTH262144_EVALUATION3_SLICE1_THRESHOLD22_SN6_EN11_202603d_024605.txt,262144,11,3,,1,6,22,68,48.79,False
result_BEAM_WIDTH262144_EVALUATION3_SLICE1_THRESHOLD20_SN7_EN11_202603d_021020.txt,262144,11,3,,1,7,20,66,48.819,False
result_BEAM_WIDTH262144_EVALUATION3_SLICE2_THRESHOLD18_SN7_EN13_202603d_045839.txt,262144,13,3,,2,7,18,76,48.874,False
result_BEAM_WIDTH262144_EVALUATION3_SLICE2_THRESHOLD22_SN3_EN12_202603d_055126.txt,262144,12,3,,2,3,22,69,48.922,False
result_BEAM_WIDTH262144_EVALUATION3_SLICE2_THRESHOLD18_SN7_EN10_202603d_045524.txt,262144,10,3,,2,7,18,69,49.022,False
result_BEAM_WIDTH262144_EVALUATION3_SLICE2_THRESHOLD20_SN4_EN14_202603d_052008.txt,262144,14,3,,2,4,20,69,49.062,False
result_SN2_EN12_SLICE3_BEAM_WIDTH262144_THRESHOLD20_EVALUATION1_202603d_224241.txt,262144,12,1,,3,2,20,73,49.081,False
result_BEAM_WIDTH262144_EVALUATION3_SLICE1_THRESHOLD22_SN7_EN13_202603d_025448.txt,262144,13,3,,1,7,22,71,49.104,False
result_BEAM_WIDTH262144_EVALUATION3_SLICE2_THRESHOLD24_SN7_EN13_202603d_065735.txt,262144,13,3,,2,7,24,78,49.157,False
result_BEAM_WIDTH262144_EVALUATION3_SLICE2_THRESHOLD24_SN6_EN12_202603d_065024.txt,262144,12,3,,2,6,24,73,49.196,False
result_BEAM_WIDTH262144_EVALUATION3_SLICE1_THRESHOLD22_SN7_EN10_202603d_025141.txt,262144,10,3,,1,7,22,72,49.228,False
result_BEAM_WIDTH262144_EVALUATION3_SLICE2_THRESHOLD24_SN7_EN12_202603d_065632.txt,262144,12,3,,2,7,24,76,49.255,False
result_BEAM_WIDTH262144_EVALUATION3_SLICE1_THRESHOLD22_SN7_EN12_202603d_025344.txt,262144,12,3,,1,7,22,68,49.264,False
result_BEAM_WIDTH262144_EVALUATION3_SLICE2_THRESHOLD20_SN5_EN12_202603d_052443.txt,262144,12,3,,2,5,20,70,49.271,False
result_BEAM_WIDTH262144_SLICE1_EVALUATION1_THRESHOLD18_SN5_EN12_202603d_233612.txt,262144,12,1,,1,5,18,66,49.297,False
result_BEAM_WIDTH262144_SLICE1_EVALUATION1_THRESHOLD20_SN4_EN11_202603d_234606.txt,262144,11,1,,1,4,20,63,49.297,False
result_BEAM_WIDTH262144_EVALUATION3_SLICE2_THRESHOLD24_SN6_EN11_202603d_064921.txt,262144,11,3,,2,6,24,74,49.324,False
result_SN2_EN10_SLICE3_BEAM_WIDTH262144_THRESHOLD20_EVALUATION2_202603d_221101.txt,262144,10,2,,3,2,20,73,49.363,False
result_BEAM_WIDTH262144_EVALUATION3_SLICE2_THRESHOLD22_SN4_EN12_202603d_055805.txt,262144,12,3,,2,4,22,71,49.391,False
result_BEAM_WIDTH262144_EVALUATION3_SLICE1_THRESHOLD24_SN5_EN13_202603d_032415.txt,262144,13,3,,1,5,24,68,49.43,False
result_BEAM_WIDTH262144_EVALUATION3_SLICE1_THRESHOLD24_SN6_EN10_202603d_032750.txt,262144,10,3,,1,6,24,69,49.533,False
result_BEAM_WIDTH262144_EVALUATION3_SLICE2_THRESHOLD20_SN4_EN13_202603d_051903.txt,262144,13,3,,2,4,20,68,49.56,False
result_BEAM_WIDTH262144_EVALUATION3_SLICE1_THRESHOLD24_SN6_EN14_202603d_033211.txt,262144,14,3,,1,6,24,70,49.571,False
result_BEAM_WIDTH262144_EVALUATION3_SLICE2_THRESHOLD20_SN5_EN11_202603d_052341.txt,262144,11,3,,2,5,20,70,49.571,False
result_BEAM_WIDTH262144_EVALUATION3_SLICE1_THRESHOLD24_SN7_EN15_202603d_033937.txt,262144,15,3,,1,7,24,75,49.625,False
result_BEAM_WIDTH262144_EVALUATION3_SLICE1_THRESHOLD16_SN7_EN10_202603d_004127.txt,262144,10,3,,1,7,16,68,49.664,False
result_BEAM_WIDTH262144_EVALUATION3_SLICE1_THRESHOLD20_SN6_EN13_202603d_020554.txt,262144,13,3,,1,6,20,66,49.677,False
result_BEAM_WIDTH262144_EVALUATION3_SLICE2_THRESHOLD24_SN2_EN10_202603d_062147.txt,262144,10,3,,2,2,24,68,49.688,False
result_BEAM_WIDTH262144_EVALUATION3_SLICE1_THRESHOLD22_SN6_EN12_202603d_024707.txt,262144,12,3,,1,6,22,67,49.698,False
result_BEAM_WIDTH262144_EVALUATION3_SLICE1_THRESHOLD20_SN5_EN15_202603d_020142.txt,262144,15,3,,1,5,20,66,49.727,False
result_BEAM_WIDTH262144_EVALUATION3_SLICE2_THRESHOLD22_SN6_EN12_202603d_061104.txt,262144,12,3,,2,6,22,72,49.738,False
result_BEAM_WIDTH262144_EVALUATION3_SLICE2_THRESHOLD18_SN4_EN15_202603d_044136.txt,262144,15,3,,2,4,18,67,49.797,False
result_BEAM_WIDTH262144_EVALUATION3_SLICE2_THRESHOLD24_SN2_EN12_202603d_062400.txt,262144,12,3,,2,2,24,68,49.867,False
result_BEAM_WIDTH262144_EVALUATION3_SLICE2_THRESHOLD18_SN2_EN10_202603d_042219.txt,262144,10,3,,2,2,18,70,49.947,False
result_SN2_EN12_SLICE2_BEAM_WIDTH262144_THRESHOLD20_EVALUATION1_202603d_223549.txt,262144,12,1,,2,2,20,68,49.952,False
result_BEAM_WIDTH262144_EVALUATION3_SLICE2_THRESHOLD16_SN6_EN14_202603d_041328.txt,262144,14,3,,2,6,16,68,49.963,False
result_BEAM_WIDTH262144_EVALUATION3_SLICE2_THRESHOLD16_SN4_EN11_202603d_035634.txt,262144,11,3,,2,4,16,68,50.001,False
result_SN2_EN10_SLICE2_BEAM_WIDTH262144_THRESHOLD22_EVALUATION1_202603d_220553.txt,262144,10,1,,2,2,22,77,50.029,False
result_BEAM_WIDTH262144_EVALUATION3_SLICE2_THRESHOLD22_SN5_EN12_202603d_060453.txt,262144,12,3,,2,5,22,73,50.038,False
result_BEAM_WIDTH262144_EVALUATION3_SLICE2_THRESHOLD20_SN6_EN15_202603d_053442.txt,262144,15,3,,2,6,20,73,50.063,False
result_SN2_EN12_SLICE3_BEAM_WIDTH262144_THRESHOLD24_EVALUATION1_202603d_224655.txt,262144,12,1,,3,2,24,76,50.083,False
result_SN2_EN10_SLICE64_BEAM_WIDTH262144_THRESHOLD20_EVALUATION1_202603d_222223.txt,262144,10,1,,64,2,20,84,50.147,False
result_BEAM_WIDTH262144_EVALUATION3_SLICE2_THRESHOLD18_SN3_EN14_202603d_043348.txt,262144,14,3,,2,3,18,70,50.171,False
result_BEAM_WIDTH262144_EVALUATION3_SLICE2_THRESHOLD22_SN5_EN14_202603d_060656.txt,262144,14,3,,2,5,22,73,50.18,False
result_BEAM_WIDTH262144_EVALUATION3_SLICE1_THRESHOLD18_SN6_EN13_202603d_012243.txt,262144,13,3,,1,6,18,69,50.202,False
result_BEAM_WIDTH262144_EVALUATION3_SLICE2_THRESHOLD18_SN6_EN12_202603d_045105.txt,262144,12,3,,2,6,18,71,50.25,False
result_SN2_EN10_SLICE64_BEAM_WIDTH262144_THRESHOLD24_EVALUATION2_202603d_222737.txt,262144,10,2,,64,2,24,88,50.25,False
result_BEAM_WIDTH262144_EVALUATION3_SLICE1_THRESHOLD22_SN7_EN14_202603d_025551.txt,262144,14,3,,1,7,22,71,50.276,False
result_SN2_EN10_SLICE1_BEAM_WIDTH262144_THRESHOLD20_EVALUATION1_202603d_215612.txt,262144,10,1,,1,2,20,84,50.284,False
result_BEAM_WIDTH262144_EVALUATION3_SLICE2_THRESHOLD24_SN6_EN15_202603d_065323.txt,262144,15,3,,2,6,24,77,50.289,False
result_SN2_EN10_SLICE1_BEAM_WIDTH262144_THRESHOLD22_EVALUATION2_202603d_220033.txt,262144,10,2,,1,2,22,72,50.29,False
result_BEAM_WIDTH262144_EVALUATION3_SLICE2_THRESHOLD16_SN5_EN11_202603d_040311.txt,262144,11,3,,2,5,16,67,50.32,False
result_BEAM_WIDTH262144_EVALUATION3_SLICE2_THRESHOLD18_SN5_EN13_202603d_044555.txt,262144,13,3,,2,5,18,71,50.353,False
result_BEAM_WIDTH262144_EVALUATION3_SLICE2_THRESHOLD20_SN6_EN13_202603d_053228.txt,262144,13,3,,2,6,20,73,50.395,False
result_BEAM_WIDTH262144_EVALUATION3_SLICE2_THRESHOLD16_SN6_EN12_202603d_041122.txt,262144,12,3,,2,6,16,67,50.481,False
result_BEAM_WIDTH262144_EVALUATION3_SLICE1_THRESHOLD18_SN6_EN11_202603d_012030.txt,262144,11,3,,1,6,18,68,50.528,False
result_BEAM_WIDTH262144_EVALUATION3_SLICE1_THRESHOLD24_SN7_EN13_202603d_033729.txt,262144,13,3,,1,7,24,75,50.528,False
result_BEAM_WIDTH262144_EVALUATION3_SLICE2_THRESHOLD18_SN4_EN10_202603d_043604.txt,262144,10,3,,2,4,18,68,50.576,False
result_SN2_EN12_SLICE64_BEAM_WIDTH262144_THRESHOLD20_EVALUATION1_202603d_225529.txt,262144,12,1,,64,2,20,84,50.633,False
result_BEAM_WIDTH262144_EVALUATION3_SLICE1_THRESHOLD24_SN6_EN12_202603d_033000.txt,262144,12,3,,1,6,24,71,50.638,False
result_BEAM_WIDTH262144_EVALUATION3_SLICE2_THRESHOLD22_SN7_EN10_202603d_061531.txt,262144,10,3,,2,7,22,79,50.716,False
result_BEAM_WIDTH262144_EVALUATION3_SLICE1_THRESHOLD18_SN5_EN11_202603d_011322.txt,262144,11,3,,1,5,18,61,50.786,False
result_BEAM_WIDTH262144_EVALUATION3_SLICE2_THRESHOLD24_SN7_EN15_202603d_065957.txt,262144,15,3,,2,7,24,78,50.797,False
result_BEAM_WIDTH262144_EVALUATION3_SLICE2_THRESHOLD24_SN2_EN15_202603d_062721.txt,262144,15,3,,2,2,24,67,50.799,False
result_BEAM_WIDTH262144_EVALUATION3_SLICE2_THRESHOLD16_SN3_EN15_202603d_035412.txt,262144,15,3,,2,3,16,69,50.829,False
result_SN2_EN12_SLICE64_BEAM_WIDTH262144_THRESHOLD22_EVALUATION1_202603d_225731.txt,262144,12,1,,64,2,22,81,50.868,False
result_SN2_EN10_SLICE32_BEAM_WIDTH262144_THRESHOLD20_EVALUATION1_202603d_221617.txt,262144,10,1,,32,2,20,83,50.911,False
result_BEAM_WIDTH262144_EVALUATION3_SLICE2_THRESHOLD24_SN4_EN13_202603d_063829.txt,262144,13,3,,2,4,24,70,50.961,False
result_BEAM_WIDTH262144_EVALUATION3_SLICE1_THRESHOLD16_SN5_EN12_202603d_002943.txt,262144,12,3,,1,5,16,63,50.981,False
result_BEAM_WIDTH262144_EVALUATION3_SLICE2_THRESHOLD16_SN7_EN15_202603d_042113.txt,262144,15,3,,2,7,16,73,50.986,False
result_BEAM_WIDTH262144_EVALUATION3_SLICE2_THRESHOLD16_SN5_EN10_202603d_040208.txt,262144,10,3,,2,5,16,69,51.0,False
result_BEAM_WIDTH262144_EVALUATION3_SLICE1_THRESHOLD18_SN6_EN10_202603d_011925.txt,262144,10,3,,1,6,18,67,51.069,False
result_BEAM_WIDTH262144_EVALUATION3_SLICE1_THRESHOLD16_SN6_EN13_202603d_003801.txt,262144,13,3,,1,6,16,66,51.071,False
result_BEAM_WIDTH262144_EVALUATION3_SLICE2_THRESHOLD24_SN4_EN14_202603d_063936.txt,262144,14,3,,2,4,24,75,51.102,False
result_BEAM_WIDTH262144_EVALUATION3_SLICE2_THRESHOLD24_SN4_EN12_202603d_063724.txt,262144,12,3,,2,4,24,72,51.106,False
result_BEAM_WIDTH262144_EVALUATION3_SLICE2_THRESHOLD20_SN2_EN11_202603d_050251.txt,262144,11,3,,2,2,20,67,51.137,False
result_BEAM_WIDTH262144_EVALUATION3_SLICE1_THRESHOLD20_SN7_EN15_202603d_021439.txt,262144,15,3,,1,7,20,70,51.164,False
result_BEAM_WIDTH262144_EVALUATION3_SLICE2_THRESHOLD22_SN7_EN14_202603d_061930.txt,262144,14,3,,2,7,22,76,51.169,False
result_BEAM_WIDTH262144_EVALUATION3_SLICE2_THRESHOLD16_SN7_EN14_202603d_041959.txt,262144,14,3,,2,7,16,72,51.242,False
result_BEAM_WIDTH262144_EVALUATION3_SLICE2_THRESHOLD16_SN6_EN13_202603d_041225.txt,262144,13,3,,2,6,16,69,51.299,False
result_BEAM_WIDTH262144_EVALUATION3_SLICE2_THRESHOLD16_SN4_EN14_202603d_035957.txt,262144,14,3,,2,4,16,69,51.33,False
result_BEAM_WIDTH262144_EVALUATION3_SLICE1_THRESHOLD18_SN7_EN10_202603d_012615.txt,262144,10,3,,1,7,18,67,51.332,False
result_BEAM_WIDTH262144_EVALUATION3_SLICE2_THRESHOLD18_SN2_EN15_202603d_042802.txt,262144,15,3,,2,2,18,66,51.446,False
result_BEAM_WIDTH262144_EVALUATION3_SLICE2_THRESHOLD24_SN3_EN10_202603d_062827.txt,262144,10,3,,2,3,24,68,51.56,False
result_SN2_EN10_SLICE1_BEAM_WIDTH262144_THRESHOLD24_EVALUATION2_202603d_220246.txt,262144,10,2,,1,2,24,70,51.589,False
result_BEAM_WIDTH262144_EVALUATION3_SLICE2_THRESHOLD16_SN6_EN11_202603d_041016.txt,262144,11,3,,2,6,16,74,51.603,False
result_BEAM_WIDTH262144_SLICE1_EVALUATION1_THRESHOLD18_SN4_EN12_202603d_233247.txt,262144,12,1,,1,4,18,69,51.629,False
result_BEAM_WIDTH262144_EVALUATION3_SLICE2_THRESHOLD18_SN3_EN11_202603d_043020.txt,262144,11,3,,2,3,18,68,51.672,False
result_BEAM_WIDTH262144_EVALUATION3_SLICE2_THRESHOLD22_SN2_EN11_202603d_054328.txt,262144,11,3,,2,2,22,72,51.811,False
result_SN2_EN12_SLICE32_BEAM_WIDTH262144_THRESHOLD20_EVALUATION2_202603d_225013.txt,262144,12,2,,32,2,20,83,51.832,False
result_BEAM_WIDTH262144_EVALUATION3_SLICE2_THRESHOLD24_SN3_EN11_202603d_062930.txt,262144,11,3,,2,3,24,69,51.854,False
result_BEAM_WIDTH262144_EVALUATION3_SLICE2_THRESHOLD18_SN5_EN10_202603d_044239.txt,262144,10,3,,2,5,18,71,51.857,False
result_BEAM_WIDTH262144_EVALUATION3_SLICE2_THRESHOLD20_SN4_EN11_202603d_051647.txt,262144,11,3,,2,4,20,71,51.868,False
result_BEAM_WIDTH262144_EVALUATION3_SLICE2_THRESHOLD24_SN7_EN11_202603d_065526.txt,262144,11,3,,2,7,24,75,51.903,False
result_SN5_EN10_SLICE1_BEAM_WIDTH262144_THRESHOLD22_202603d_212957.txt,262144,10,,,1,5,22,76,51.903,False
result_BEAM_WIDTH262144_EVALUATION3_SLICE1_THRESHOLD16_SN3_EN10_202603d_001304.txt,262144,10,3,,1,3,16,65,51.921,False
result_BEAM_WIDTH262144_EVALUATION3_SLICE1_THRESHOLD20_SN6_EN11_202603d_020347.txt,262144,11,3,,1,6,20,71,51.942,False
result_BEAM_WIDTH262144_EVALUATION3_SLICE1_THRESHOLD18_SN6_EN12_202603d_012134.txt,262144,12,3,,1,6,18,69,52.061,False
result_BEAM_WIDTH262144_EVALUATION3_SLICE1_THRESHOLD24_SN7_EN12_202603d_033622.txt,262144,12,3,,1,7,24,75,52.064,False
result_BEAM_WIDTH262144_EVALUATION3_SLICE1_THRESHOLD20_SN5_EN13_202603d_015928.txt,262144,13,3,,1,5,20,65,52.177,False
result_BEAM_WIDTH262144_EVALUATION3_SLICE1_THRESHOLD16_SN7_EN15_202603d_004713.txt,262144,15,3,,1,7,16,68,52.267,False
result_BEAM_WIDTH262144_EVALUATION3_SLICE2_THRESHOLD24_SN4_EN11_202603d_063620.txt,262144,11,3,,2,4,24,74,52.324,False
result_BEAM_WIDTH262144_EVALUATION3_SLICE1_THRESHOLD20_SN6_EN15_202603d_020806.txt,262144,15,3,,1,6,20,69,52.34,False
result_BEAM_WIDTH262144_EVALUATION3_SLICE2_THRESHOLD20_SN7_EN13_202603d_053905.txt,262144,13,3,,2,7,20,76,52.346,False
result_BEAM_WIDTH262144_EVALUATION3_SLICE2_THRESHOLD18_SN4_EN11_202603d_043709.txt,262144,11,3,,2,4,18,72,52.388,False
result_BEAM_WIDTH262144_EVALUATION3_SLICE2_THRESHOLD18_SN6_EN11_202603d_044959.txt,262144,11,3,,2,6,18,68,52.464,False
result_BEAM_WIDTH262144_EVALUATION3_SLICE1_THRESHOLD20_SN4_EN12_202603d_015057.txt,262144,12,3,,1,4,20,66,52.52,False
result_BEAM_WIDTH262144_SLICE1_EVALUATION1_THRESHOLD20_SN5_EN12_202603d_235058.txt,262144,12,1,,1,5,20,69,52.56,False
result_BEAM_WIDTH262144_EVALUATION3_SLICE2_THRESHOLD20_SN2_EN10_202603d_050145.txt,262144,10,3,,2,2,20,69,52.585,False
result_BEAM_WIDTH262144_EVALUATION3_SLICE1_THRESHOLD22_SN5_EN13_202603d_024129.txt,262144,13,3,,1,5,22,69,52.588,False
result_BEAM_WIDTH262144_EVALUATION3_SLICE2_THRESHOLD20_SN7_EN12_202603d_053755.txt,262144,12,3,,2,7,20,75,52.597,False
result_BEAM_WIDTH262144_EVALUATION3_SLICE2_THRESHOLD16_SN4_EN12_202603d_035739.txt,262144,12,3,,2,4,16,75,52.655,False
result_SN2_EN10_SLICE1_BEAM_WIDTH262144_THRESHOLD24_EVALUATION1_202603d_220137.txt,262144,10,1,,1,2,24,69,52.669,False
result_BEAM_WIDTH262144_EVALUATION3_SLICE2_THRESHOLD24_SN5_EN11_202603d_064233.txt,262144,11,3,,2,5,24,71,52.68,False
result_BEAM_WIDTH262144_EVALUATION3_SLICE2_THRESHOLD20_SN3_EN13_202603d_051209.txt,262144,13,3,,2,3,20,69,52.694,False
result_BEAM_WIDTH262144_EVALUATION3_SLICE2_THRESHOLD20_SN5_EN13_202603d_052545.txt,262144,13,3,,2,5,20,73,52.698,False
result_BEAM_WIDTH262144_EVALUATION3_SLICE1_THRESHOLD22_SN5_EN11_202603d_023907.txt,262144,11,3,,1,5,22,66,52.75,False
result_BEAM_WIDTH262144_EVALUATION3_SLICE2_THRESHOLD20_SN3_EN10_202603d_050837.txt,262144,10,3,,2,3,20,69,52.876,False
result_SN4_EN10_SLICE1_BEAM_WIDTH262144_THRESHOLD22_202603d_212350.txt,262144,10,,,1,4,22,80,52.876,False
result_BEAM_WIDTH262144_EVALUATION3_SLICE1_THRESHOLD16_SN4_EN11_202603d_002113.txt,262144,11,3,,1,4,16,66,52.878,False
result_BEAM_WIDTH262144_EVALUATION3_SLICE2_THRESHOLD20_SN2_EN13_202603d_050511.txt,262144,13,3,,2,2,20,70,52.92,False
result_BEAM_WIDTH262144_EVALUATION3_SLICE2_THRESHOLD18_SN3_EN13_202603d_043239.txt,262144,13,3,,2,3,18,72,52.968,False
result_BEAM_WIDTH262144_EVALUATION3_SLICE2_THRESHOLD24_SN6_EN10_202603d_064815.txt,262144,10,3,,2,6,24,78,53.024,False
result_BEAM_WIDTH262144_EVALUATION3_SLICE1_THRESHOLD20_SN5_EN12_202603d_015822.txt,262144,12,3,,1,5,20,67,53.029,False
result_BEAM_WIDTH262144_EVALUATION3_SLICE2_THRESHOLD20_SN5_EN10_202603d_052222.txt,262144,10,3,,2,5,20,75,53.074,False
result_BEAM_WIDTH262144_EVALUATION3_SLICE2_THRESHOLD22_SN4_EN15_202603d_060125.txt,262144,15,3,,2,4,22,69,53.076,False
result_BEAM_WIDTH262144_EVALUATION3_SLICE2_THRESHOLD22_SN4_EN14_202603d_060019.txt,262144,14,3,,2,4,22,74,53.091,False
result_SN2_EN12_SLICE3_BEAM_WIDTH262144_THRESHOLD24_EVALUATION2_202603d_224807.txt,262144,12,2,,3,2,24,79,53.098,False
result_BEAM_WIDTH262144_EVALUATION3_SLICE2_THRESHOLD22_SN4_EN11_202603d_055658.txt,262144,11,3,,2,4,22,72,53.134,False
result_BEAM_WIDTH262144_SLICE1_THRESHOLD20_SN2_EN10_EVALUATION3_202603d_000218.txt,262144,10,3,,1,2,20,64,53.146,False
result_BEAM_WIDTH262144_EVALUATION3_SLICE1_THRESHOLD22_SN5_EN15_202603d_024351.txt,262144,15,3,,1,5,22,64,53.165,False
result_BEAM_WIDTH262144_EVALUATION3_SLICE1_THRESHOLD22_SN4_EN13_202603d_023425.txt,262144,13,3,,1,4,22,65,53.179,False
result_BEAM_WIDTH262144_EVALUATION3_SLICE1_THRESHOLD16_SN2_EN12_202603d_000831.txt,262144,12,3,,1,2,16,72,53.192,False
result_BEAM_WIDTH262144_EVALUATION3_SLICE2_THRESHOLD24_SN3_EN14_202603d_063257.txt,262144,14,3,,2,3,24,73,53.204,False
result_BEAM_WIDTH262144_EVALUATION3_SLICE1_THRESHOLD22_SN6_EN10_202603d_024458.txt,262144,10,3,,1,6,22,70,53.215,False
result_BEAM_WIDTH262144_EVALUATION3_SLICE2_THRESHOLD20_SN6_EN10_202603d_052916.txt,262144,10,3,,2,6,20,77,53.218,False
result_BEAM_WIDTH262144_EVALUATION3_SLICE1_THRESHOLD24_SN3_EN11_202603d_030719.txt,262144,11,3,,1,3,24,62,53.251,False
result_SN2_EN12_SLICE1_BEAM_WIDTH262144_THRESHOLD20_EVALUATION1_202603d_222840.txt,262144,12,1,,1,2,20,70,53.286,False
result_BEAM_WIDTH262144_EVALUATION3_SLICE2_THRESHOLD22_SN3_EN15_202603d_055449.txt,262144,15,3,,2,3,22,71,53.304,False
result_BEAM_WIDTH262144_EVALUATION3_SLICE2_THRESHOLD18_SN2_EN11_202603d_042322.txt,262144,11,3,,2,2,18,72,53.383,False
result_BEAM_WIDTH262144_EVALUATION3_SLICE2_THRESHOLD20_SN4_EN15_202603d_052112.txt,262144,15,3,,2,4,20,74,53.452,False
result_BEAM_WIDTH262144_EVALUATION3_SLICE2_THRESHOLD20_SN3_EN11_202603d_050946.txt,262144,11,3,,2,3,20,74,53.527,False
result_BEAM_WIDTH262144_EVALUATION3_SLICE1_THRESHOLD24_SN4_EN15_202603d_031949.txt,262144,15,3,,1,4,24,65,53.59,False
result_BEAM_WIDTH262144_EVALUATION3_SLICE1_THRESHOLD18_SN7_EN15_202603d_013156.txt,262144,15,3,,1,7,18,71,53.637,False
result_BEAM_WIDTH262144_EVALUATION3_SLICE1_THRESHOLD20_SN7_EN13_202603d_021233.txt,262144,13,3,,1,7,20,70,53.697,False
result_BEAM_WIDTH262144_EVALUATION3_SLICE2_THRESHOLD16_SN4_EN10_202603d_035518.txt,262144,10,3,,2,4,16,69,53.709,False
result_BEAM_WIDTH262144_EVALUATION3_SLICE2_THRESHOLD20_SN5_EN15_202603d_052808.txt,262144,15,3,,2,5,20,75,53.792,False
result_BEAM_WIDTH262144_EVALUATION3_SLICE1_THRESHOLD16_SN3_EN12_202603d_001515.txt,262144,12,3,,1,3,16,65,53.853,False
result_SN2_EN10_SLICE64_BEAM_WIDTH262144_THRESHOLD20_EVALUATION2_202603d_222326.txt,262144,10,2,,64,2,20,96,53.856,False
result_BEAM_WIDTH262144_EVALUATION3_SLICE1_THRESHOLD20_SN7_EN10_202603d_020913.txt,262144,10,3,,1,7,20,70,53.893,False
result_BEAM_WIDTH262144_EVALUATION3_SLICE2_THRESHOLD22_SN7_EN15_202603d_062034.txt,262144,15,3,,2,7,22,79,53.925,False
result_BEAM_WIDTH262144_EVALUATION3_SLICE2_THRESHOLD24_SN2_EN13_202603d_062505.txt,262144,13,3,,2,2,24,69,53.982,False
result_BEAM_WIDTH262144_EVALUATION3_SLICE1_THRESHOLD24_SN5_EN12_202603d_032306.txt,262144,12,3,,1,5,24,72,54.003,False
result_BEAM_WIDTH262144_EVALUATION3_SLICE1_THRESHOLD22_SN6_EN15_202603d_025031.txt,262144,15,3,,1,6,22,72,54.025,False
result_BEAM_WIDTH262144_EVALUATION3_SLICE1_THRESHOLD16_SN6_EN14_202603d_003904.txt,262144,14,3,,1,6,16,68,54.098,False
result_BEAM_WIDTH262144_EVALUATION3_SLICE2_THRESHOLD20_SN2_EN12_202603d_050400.txt,262144,12,3,,2,2,20,74,54.101,False
result_BEAM_WIDTH262144_EVALUATION3_SLICE1_THRESHOLD20_SN3_EN15_202603d_014722.txt,262144,15,3,,1,3,20,60,54.108,False
result_BEAM_WIDTH262144_EVALUATION3_SLICE1_THRESHOLD24_SN6_EN15_202603d_033316.txt,262144,15,3,,1,6,24,74,54.129,False
result_BEAM_WIDTH262144_EVALUATION3_SLICE2_THRESHOLD22_SN5_EN10_202603d_060230.txt,262144,10,3,,2,5,22,73,54.155,False
result_BEAM_WIDTH262144_EVALUATION3_SLICE2_THRESHOLD16_SN2_EN11_202603d_034156.txt,262144,11,3,,2,2,16,69,54.166,False
result_BEAM_WIDTH262144_EVALUATION3_SLICE2_THRESHOLD20_SN6_EN12_202603d_053120.txt,262144,12,3,,2,6,20,76,54.176,False
result_BEAM_WIDTH262144_EVALUATION3_SLICE2_THRESHOLD24_SN2_EN11_202603d_062249.txt,262144,11,3,,2,2,24,69,54.198,False
result_BEAM_WIDTH262144_EVALUATION3_SLICE2_THRESHOLD24_SN5_EN13_202603d_064447.txt,262144,13,3,,2,5,24,77,54.279,False
result_BEAM_WIDTH262144_EVALUATION3_SLICE2_THRESHOLD20_SN3_EN14_202603d_051315.txt,262144,14,3,,2,3,20,75,54.327,False
result_BEAM_WIDTH262144_EVALUATION3_SLICE2_THRESHOLD18_SN2_EN13_202603d_042538.txt,262144,13,3,,2,2,18,71,54.334,False
result_BEAM_WIDTH262144_EVALUATION3_SLICE2_THRESHOLD16_SN4_EN15_202603d_040100.txt,262144,15,3,,2,4,16,68,54.437,False
result_BEAM_WIDTH262144_EVALUATION3_SLICE1_THRESHOLD16_SN3_EN14_202603d_001736.txt,262144,14,3,,1,3,16,65,54.5,False
result_BEAM_WIDTH262144_EVALUATION3_SLICE2_THRESHOLD20_SN6_EN14_202603d_053331.txt,262144,14,3,,2,6,20,76,54.584,False
result_BEAM_WIDTH262144_EVALUATION3_SLICE1_THRESHOLD24_SN6_EN13_202603d_033103.txt,262144,13,3,,1,6,24,73,54.652,False
result_BEAM_WIDTH262144_EVALUATION3_SLICE2_THRESHOLD24_SN2_EN14_202603d_062611.txt,262144,14,3,,2,2,24,73,54.661,False
result_BEAM_WIDTH262144_EVALUATION3_SLICE1_THRESHOLD24_SN5_EN10_202603d_032055.txt,262144,10,3,,1,5,24,70,54.672,False
result_BEAM_WIDTH262144_EVALUATION3_SLICE2_THRESHOLD18_SN7_EN12_202603d_045728.txt,262144,12,3,,2,7,18,78,54.73,False
result_BEAM_WIDTH262144_SLICE1_EVALUATION1_THRESHOLD18_SN5_EN11_202603d_233506.txt,262144,11,1,,1,5,18,72,54.778,False
result_BEAM_WIDTH262144_SLICE1_EVALUATION1_THRESHOLD20_SN3_EN12_202603d_234337.txt,262144,12,1,,1,3,20,66,54.817,False
result_BEAM_WIDTH262144_EVALUATION3_SLICE1_THRESHOLD16_SN2_EN15_202603d_001152.txt,262144,15,3,,1,2,16,69,54.824,False
result_BEAM_WIDTH262144_EVALUATION3_SLICE1_THRESHOLD16_SN6_EN15_202603d_004017.txt,262144,15,3,,1,6,16,75,54.85,False
result_BEAM_WIDTH262144_EVALUATION3_SLICE1_THRESHOLD18_SN7_EN14_202603d_013048.txt,262144,14,3,,1,7,18,71,54.888,False
result_BEAM_WIDTH262144_EVALUATION3_SLICE2_THRESHOLD18_SN4_EN13_202603d_043922.txt,262144,13,3,,2,4,18,75,54.903,False
result_BEAM_WIDTH262144_EVALUATION3_SLICE1_THRESHOLD16_SN2_EN13_202603d_000938.txt,262144,13,3,,1,2,16,71,54.904,False
result_SN2_EN12_SLICE1_BEAM_WIDTH262144_THRESHOLD20_EVALUATION2_202603d_222950.txt,262144,12,2,,1,2,20,73,54.908,False
result_BEAM_WIDTH262144_EVALUATION3_SLICE2_THRESHOLD20_SN2_EN14_202603d_050616.txt,262144,14,3,,2,2,20,73,54.933,False
result_BEAM_WIDTH262144_EVALUATION3_SLICE1_THRESHOLD18_SN5_EN15_202603d_011816.txt,262144,15,3,,1,5,18,66,54.939,False
result_BEAM_WIDTH262144_EVALUATION3_SLICE2_THRESHOLD16_SN5_EN14_202603d_040640.txt,262144,14,3,,2,5,16,76,54.942,False
result_BEAM_WIDTH262144_EVALUATION3_SLICE2_THRESHOLD16_SN7_EN12_202603d_041739.txt,262144,12,3,,2,7,16,75,54.957,False
result_BEAM_WIDTH262144_EVALUATION3_SLICE1_THRESHOLD22_SN4_EN10_202603d_023055.txt,262144,10,3,,1,4,22,63,55.007,False
result_BEAM_WIDTH262144_EVALUATION3_SLICE1_THRESHOLD22_SN6_EN14_202603d_024922.txt,262144,14,3,,1,6,22,76,55.054,False
result_BEAM_WIDTH262144_SLICE1_EVALUATION1_THRESHOLD18_SN5_EN10_202603d_233352.txt,262144,10,1,,1,5,18,74,55.057,False
result_BEAM_WIDTH262144_EVALUATION3_SLICE2_THRESHOLD18_SN4_EN12_202603d_043814.txt,262144,12,3,,2,4,18,71,55.098,False
result_BEAM_WIDTH262144_EVALUATION3_SLICE2_THRESHOLD24_SN3_EN15_202603d_063404.txt,262144,15,3,,2,3,24,74,55.126,False
result_BEAM_WIDTH262144_EVALUATION3_SLICE1_THRESHOLD22_SN5_EN10_202603d_023758.txt,262144,10,3,,1,5,22,69,55.143,False
result_BEAM_WIDTH262144_EVALUATION3_SLICE1_THRESHOLD22_SN7_EN15_202603d_025657.txt,262144,15,3,,1,7,22,79,55.155,False
result_BEAM_WIDTH262144_SLICE1_EVALUATION1_THRESHOLD20_SN5_EN10_202603d_234831.txt,262144,10,1,,1,5,20,73,55.161,False
result_BEAM_WIDTH262144_EVALUATION3_SLICE2_THRESHOLD16_SN4_EN13_202603d_035846.txt,262144,13,3,,2,4,16,74,55.282,False
result_BEAM_WIDTH262144_EVALUATION3_SLICE1_THRESHOLD22_SN4_EN12_202603d_023315.txt,262144,12,3,,1,4,22,70,55.302,False
result_BEAM_WIDTH262144_EVALUATION3_SLICE1_THRESHOLD20_SN2_EN12_202603d_013549.txt,262144,12,3,,1,2,20,67,55.321,False
result_BEAM_WIDTH262144_EVALUATION3_SLICE2_THRESHOLD16_SN6_EN15_202603d_041432.txt,262144,15,3,,2,6,16,73,55.345,False
result_BEAM_WIDTH262144_SLICE1_EVALUATION1_THRESHOLD18_SN4_EN11_202603d_233138.txt,262144,11,1,,1,4,18,70,55.391,False
result_BEAM_WIDTH262144_EVALUATION3_SLICE1_THRESHOLD24_SN4_EN11_202603d_031451.txt,262144,11,3,,1,4,24,66,55.42,False
result_BEAM_WIDTH262144_EVALUATION3_SLICE1_THRESHOLD16_SN3_EN13_202603d_001623.txt,262144,13,3,,1,3,16,67,55.505,False
result_BEAM_WIDTH262144_EVALUATION3_SLICE2_THRESHOLD22_SN2_EN14_202603d_054654.txt,262144,14,3,,2,2,22,73,55.742,False
result_SN2_EN10_SLICE32_BEAM_WIDTH262144_THRESHOLD24_EVALUATION2_202603d_222114.txt,262144,10,2,,32,2,24,87,55.777,False
result_BEAM_WIDTH262144_EVALUATION3_SLICE2_THRESHOLD20_SN4_EN10_202603d_051536.txt,262144,10,3,,2,4,20,75,55.784,False
result_BEAM_WIDTH262144_EVALUATION3_SLICE2_THRESHOLD18_SN2_EN12_202603d_042429.txt,262144,12,3,,2,2,18,70,55.796,False
result_BEAM_WIDTH262144_EVALUATION3_SLICE1_THRESHOLD22_SN4_EN11_202603d_023204.txt,262144,11,3,,1,4,22,64,55.815,False
result_BEAM_WIDTH262144_EVALUATION3_SLICE2_THRESHOLD22_SN2_EN13_202603d_054544.txt,262144,13,3,,2,2,22,73,55.839,False
result_BEAM_WIDTH262144_EVALUATION3_SLICE2_THRESHOLD18_SN3_EN15_202603d_043454.txt,262144,15,3,,2,3,18,78,55.842,False
result_BEAM_WIDTH262144_EVALUATION3_SLICE1_THRESHOLD16_SN3_EN11_202603d_001408.txt,262144,11,3,,1,3,16,67,55.991,False
result_BEAM_WIDTH262144_EVALUATION3_SLICE1_THRESHOLD20_SN4_EN10_202603d_014830.txt,262144,10,3,,1,4,20,66,56.003,False
result_BEAM_WIDTH262144_EVALUATION3_SLICE1_THRESHOLD16_SN7_EN11_202603d_004232.txt,262144,11,3,,1,7,16,73,56.045,False
result_BEAM_WIDTH262144_EVALUATION3_SLICE1_THRESHOLD18_SN4_EN12_202603d_010641.txt,262144,12,3,,1,4,18,63,56.174,False
result_BEAM_WIDTH262144_EVALUATION3_SLICE2_THRESHOLD22_SN3_EN14_202603d_055340.txt,262144,14,3,,2,3,22,73,56.19,False
result_BEAM_WIDTH262144_SLICE1_EVALUATION1_THRESHOLD20_SN5_EN11_202603d_234943.txt,262144,11,1,,1,5,20,69,56.202,False
result_BEAM_WIDTH262144_EVALUATION3_SLICE1_THRESHOLD18_SN6_EN14_202603d_012349.txt,262144,14,3,,1,6,18,69,56.204,False
result_BEAM_WIDTH262144_EVALUATION3_SLICE2_THRESHOLD18_SN4_EN14_202603d_044029.txt,262144,14,3,,2,4,18,77,56.204,False
result_SN2_EN14_SLICE1_BEAM_WIDTH262144_THRESHOLD20_EVALUATION1_202603d_230224.txt,262144,14,1,,1,2,20,70,56.231,False
result_BEAM_WIDTH262144_EVALUATION3_SLICE2_THRESHOLD24_SN3_EN12_202603d_063034.txt,262144,12,3,,2,3,24,74,56.25,False
result_BEAM_WIDTH262144_EVALUATION3_SLICE1_THRESHOLD18_SN7_EN11_202603d_012722.txt,262144,11,3,,1,7,18,76,56.302,False
result_BEAM_WIDTH262144_EVALUATION3_SLICE1_THRESHOLD20_SN5_EN14_202603d_020033.txt,262144,14,3,,1,5,20,69,56.304,False
result_BEAM_WIDTH262144_EVALUATION3_SLICE1_THRESHOLD20_SN7_EN12_202603d_021124.txt,262144,12,3,,1,7,20,71,56.357,False
result_BEAM_WIDTH262144_EVALUATION3_SLICE2_THRESHOLD24_SN5_EN15_202603d_064702.txt,262144,15,3,,2,5,24,79,56.394,False
result_BEAM_WIDTH262144_EVALUATION3_SLICE2_THRESHOLD24_SN7_EN14_202603d_065849.txt,262144,14,3,,2,7,24,88,56.405,False
result_BEAM_WIDTH262144_EVALUATION3_SLICE2_THRESHOLD22_SN3_EN11_202603d_055016.txt,262144,11,3,,2,3,22,73,56.454,False
result_BEAM_WIDTH262144_EVALUATION3_SLICE1_THRESHOLD16_SN5_EN10_202603d_002720.txt,262144,10,3,,1,5,16,71,56.462,False
result_BEAM_WIDTH262144_EVALUATION3_SLICE2_THRESHOLD24_SN5_EN12_202603d_064338.txt,262144,12,3,,2,5,24,76,56.55,False
result_BEAM_WIDTH262144_EVALUATION3_SLICE2_THRESHOLD22_SN2_EN15_202603d_054804.txt,262144,15,3,,2,2,22,74,56.613,False
result_BEAM_WIDTH262144_EVALUATION3_SLICE2_THRESHOLD22_SN4_EN13_202603d_055909.txt,262144,13,3,,2,4,22,75,56.613,False
result_SN2_EN12_SLICE1_BEAM_WIDTH262144_THRESHOLD22_EVALUATION2_202603d_223215.txt,262144,12,2,,1,2,22,68,56.628,False
result_BEAM_WIDTH262144_EVALUATION3_SLICE1_THRESHOLD16_SN7_EN12_202603d_004341.txt,262144,12,3,,1,7,16,71,56.645,False
result_BEAM_WIDTH262144_EVALUATION3_SLICE1_THRESHOLD16_SN6_EN12_202603d_003651.txt,262144,12,3,,1,6,16,67,56.684,False
result_BEAM_WIDTH262144_EVALUATION3_SLICE2_THRESHOLD24_SN3_EN13_202603d_063145.txt,262144,13,3,,2,3,24,74,56.701,False
result_BEAM_WIDTH262144_EVALUATION3_SLICE2_THRESHOLD20_SN7_EN11_202603d_053645.txt,262144,11,3,,2,7,20,80,56.708,False
result_BEAM_WIDTH262144_EVALUATION3_SLICE1_THRESHOLD16_SN7_EN13_202603d_004452.txt,262144,13,3,,1,7,16,72,56.716,False
result_BEAM_WIDTH262144_EVALUATION3_SLICE1_THRESHOLD22_SN6_EN13_202603d_024810.txt,262144,13,3,,1,6,22,72,56.739,False
result_BEAM_WIDTH262144_EVALUATION3_SLICE1_THRESHOLD22_SN5_EN12_202603d_024018.txt,262144,12,3,,1,5,22,73,56.743,False
result_BEAM_WIDTH262144_EVALUATION3_SLICE2_THRESHOLD16_SN7_EN13_202603d_041846.txt,262144,13,3,,2,7,16,76,56.769,False
result_BEAM_WIDTH262144_EVALUATION3_SLICE1_THRESHOLD18_SN5_EN13_202603d_011547.txt,262144,13,3,,1,5,18,68,56.786,False
result_BEAM_WIDTH262144_EVALUATION3_SLICE2_THRESHOLD16_SN3_EN11_202603d_034918.txt,262144,11,3,,2,3,16,71,56.822,False
result_BEAM_WIDTH262144_EVALUATION3_SLICE2_THRESHOLD18_SN3_EN10_202603d_042909.txt,262144,10,3,,2,3,18,73,56.986,False
result_BEAM_WIDTH262144_SLICE1_EVALUATION1_THRESHOLD18_SN2_EN12_202603d_232546.txt,262144,12,1,,1,2,18,71,57.054,False
result_BEAM_WIDTH262144_EVALUATION3_SLICE1_THRESHOLD18_SN3_EN10_202603d_005554.txt,262144,10,3,,1,3,18,68,57.119,False
result_BEAM_WIDTH262144_EVALUATION3_SLICE2_THRESHOLD20_SN3_EN12_202603d_051054.txt,262144,12,3,,2,3,20,75,57.18,False
result_BEAM_WIDTH262144_EVALUATION3_SLICE1_THRESHOLD24_SN4_EN12_202603d_031603.txt,262144,12,3,,1,4,24,71,57.185,False
result_BEAM_WIDTH262144_EVALUATION3_SLICE2_THRESHOLD16_SN2_EN12_202603d_034305.txt,262144,12,3,,2,2,16,71,57.211,False
result_BEAM_WIDTH262144_EVALUATION3_SLICE1_THRESHOLD16_SN4_EN12_202603d_002223.txt,262144,12,3,,1,4,16,75,57.284,False
result_BEAM_WIDTH262144_EVALUATION3_SLICE1_THRESHOLD16_SN7_EN14_202603d_004602.txt,262144,14,3,,1,7,16,73,57.385,False
result_BEAM_WIDTH262144_EVALUATION3_SLICE1_THRESHOLD22_SN4_EN14_202603d_023534.txt,262144,14,3,,1,4,22,69,57.409,False
result_BEAM_WIDTH262144_EVALUATION3_SLICE1_THRESHOLD20_SN4_EN14_202603d_015326.txt,262144,14,3,,1,4,20,69,57.597,False
result_BEAM_WIDTH262144_EVALUATION3_SLICE1_THRESHOLD22_SN2_EN12_202603d_021820.txt,262144,12,3,,1,2,22,66,57.667,False
result_BEAM_WIDTH262144_EVALUATION3_SLICE1_THRESHOLD16_SN4_EN10_202603d_002001.txt,262144,10,3,,1,4,16,68,57.674,False
result_BEAM_WIDTH262144_EVALUATION3_SLICE1_THRESHOLD22_SN3_EN10_202603d_022319.txt,262144,10,3,,1,3,22,66,57.693,False
result_BEAM_WIDTH262144_EVALUATION3_SLICE1_THRESHOLD22_SN4_EN15_202603d_023646.txt,262144,15,3,,1,4,22,68,57.74,False
result_BEAM_WIDTH262144_EVALUATION3_SLICE2_THRESHOLD18_SN6_EN14_202603d_045312.txt,262144,14,3,,2,6,18,78,57.806,False
result_BEAM_WIDTH262144_EVALUATION3_SLICE2_THRESHOLD16_SN2_EN14_202603d_034532.txt,262144,14,3,,2,2,16,73,57.809,False
result_BEAM_WIDTH262144_EVALUATION3_SLICE1_THRESHOLD20_SN6_EN14_202603d_020656.txt,262144,14,3,,1,6,20,74,57.821,False
result_SN2_EN12_SLICE1_BEAM_WIDTH262144_THRESHOLD24_EVALUATION1_202603d_223325.txt,262144,12,1,,1,2,24,67,57.823,False
result_BEAM_WIDTH262144_EVALUATION3_SLICE1_THRESHOLD20_SN3_EN14_202603d_014609.txt,262144,14,3,,1,3,20,66,57.83,False
result_BEAM_WIDTH262144_SLICE1_EVALUATION1_THRESHOLD20_SN3_EN10_202603d_234112.txt,262144,10,1,,1,3,20,69,57.9,False
result_BEAM_WIDTH262144_EVALUATION3_SLICE1_THRESHOLD16_SN4_EN14_202603d_002452.txt,262144,14,3,,1,4,16,68,58.055,False
result_SN2_EN12_SLICE64_BEAM_WIDTH262144_THRESHOLD24_EVALUATION1_202603d_230004.txt,262144,12,1,,64,2,24,88,58.072,False
result_BEAM_WIDTH262144_EVALUATION3_SLICE1_THRESHOLD22_SN2_EN14_202603d_022051.txt,262144,14,3,,1,2,22,66,58.178,False
result_BEAM_WIDTH262144_EVALUATION3_SLICE2_THRESHOLD16_SN3_EN14_202603d_035301.txt,262144,14,3,,2,3,16,77,58.19,False
result_BEAM_WIDTH262144_EVALUATION3_SLICE2_THRESHOLD20_SN2_EN15_202603d_050726.txt,262144,15,3,,2,2,20,72,58.253,False
result_BEAM_WIDTH262144_EVALUATION3_SLICE1_THRESHOLD16_SN5_EN14_202603d_003204.txt,262144,14,3,,1,5,16,71,58.342,False
result_BEAM_WIDTH262144_EVALUATION3_SLICE2_THRESHOLD22_SN5_EN11_202603d_060339.txt,262144,11,3,,2,5,22,79,58.374,False
result_BEAM_WIDTH262144_EVALUATION3_SLICE2_THRESHOLD22_SN2_EN12_202603d_054432.txt,262144,12,3,,2,2,22,75,58.431,False
result_BEAM_WIDTH262144_EVALUATION3_SLICE1_THRESHOLD18_SN4_EN11_202603d_010529.txt,262144,11,3,,1,4,18,69,58.469,False
result_BEAM_WIDTH262144_EVALUATION3_SLICE2_THRESHOLD18_SN3_EN12_202603d_043127.txt,262144,12,3,,2,3,18,72,58.557,False
result_BEAM_WIDTH262144_EVALUATION3_SLICE1_THRESHOLD22_SN3_EN13_202603d_022706.txt,262144,13,3,,1,3,22,64,58.577,False
result_BEAM_WIDTH262144_EVALUATION3_SLICE1_THRESHOLD20_SN4_EN15_202603d_015436.txt,262144,15,3,,1,4,20,65,58.598,False
result_SN2_EN14_SLICE1_BEAM_WIDTH262144_THRESHOLD20_EVALUATION2_202603d_230337.txt,262144,14,2,,1,2,20,67,58.614,False
result_BEAM_WIDTH262144_EVALUATION3_SLICE1_THRESHOLD24_SN4_EN10_202603d_031338.txt,262144,10,3,,1,4,24,68,58.641,False
result_BEAM_WIDTH262144_EVALUATION3_SLICE1_THRESHOLD16_SN6_EN10_202603d_003422.txt,262144,10,3,,1,6,16,76,58.643,False
result_BEAM_WIDTH262144_EVALUATION3_SLICE1_THRESHOLD24_SN5_EN15_202603d_032635.txt,262144,15,3,,1,5,24,70,58.714,False
result_BEAM_WIDTH262144_EVALUATION3_SLICE2_THRESHOLD16_SN2_EN10_202603d_034040.txt,262144,10,3,,2,2,16,73,58.806,False
result_BEAM_WIDTH262144_EVALUATION3_SLICE1_THRESHOLD18_SN2_EN10_202603d_004821.txt,262144,10,3,,1,2,18,68,58.824,False
result_BEAM_WIDTH262144_EVALUATION3_SLICE2_THRESHOLD22_SN6_EN14_202603d_061313.txt,262144,14,3,,2,6,22,85,58.867,False
result_BEAM_WIDTH262144_EVALUATION3_SLICE1_THRESHOLD22_SN3_EN11_202603d_022433.txt,262144,11,3,,1,3,22,66,58.917,False
result_BEAM_WIDTH262144_EVALUATION3_SLICE2_THRESHOLD20_SN4_EN12_202603d_051751.txt,262144,12,3,,2,4,20,79,58.961,False
result_BEAM_WIDTH262144_EVALUATION3_SLICE1_THRESHOLD20_SN5_EN10_202603d_015547.txt,262144,10,3,,1,5,20,74,58.969,False
result_BEAM_WIDTH262144_SLICE1_EVALUATION1_THRESHOLD18_SN4_EN10_202603d_233026.txt,262144,10,1,,1,4,18,80,59.122,False
result_BEAM_WIDTH262144_EVALUATION3_SLICE1_THRESHOLD18_SN2_EN12_202603d_005049.txt,262144,12,3,,1,2,18,65,59.133,False
result_BEAM_WIDTH262144_EVALUATION3_SLICE2_THRESHOLD18_SN5_EN12_202603d_044441.txt,262144,12,3,,2,5,18,81,59.218,False
result_BEAM_WIDTH262144_EVALUATION3_SLICE1_THRESHOLD22_SN2_EN15_202603d_022204.txt,262144,15,3,,1,2,22,71,59.224,False
result_BEAM_WIDTH262144_EVALUATION3_SLICE2_THRESHOLD16_SN2_EN15_202603d_034644.txt,262144,15,3,,2,2,16,74,59.268,False
result_SN2_EN12_SLICE32_BEAM_WIDTH262144_THRESHOLD22_EVALUATION2_202603d_225216.txt,262144,12,2,,32,2,22,93,59.302,False
result_BEAM_WIDTH262144_EVALUATION3_SLICE1_THRESHOLD16_SN4_EN15_202603d_002606.txt,262144,15,3,,1,4,16,67,59.333,False
result_BEAM_WIDTH262144_EVALUATION3_SLICE1_THRESHOLD16_SN5_EN11_202603d_002831.txt,262144,11,3,,1,5,16,71,59.417,False
result_BEAM_WIDTH262144_EVALUATION3_SLICE2_THRESHOLD22_SN2_EN10_202603d_054214.txt,262144,10,3,,2,2,22,74,59.43,False
result_BEAM_WIDTH262144_EVALUATION3_SLICE1_THRESHOLD20_SN2_EN15_202603d_013952.txt,262144,15,3,,1,2,20,73,59.475,False
result_BEAM_WIDTH262144_EVALUATION3_SLICE2_THRESHOLD22_SN3_EN13_202603d_055226.txt,262144,13,3,,2,3,22,82,59.517,False
result_BEAM_WIDTH262144_EVALUATION3_SLICE1_THRESHOLD20_SN3_EN11_202603d_014223.txt,262144,11,3,,1,3,20,70,59.547,False
result_BEAM_WIDTH262144_EVALUATION3_SLICE1_THRESHOLD24_SN3_EN10_202603d_030604.txt,262144,10,3,,1,3,24,71,59.757,False
result_BEAM_WIDTH262144_EVALUATION3_SLICE1_THRESHOLD18_SN2_EN14_202603d_005324.txt,262144,14,3,,1,2,18,68,59.778,False
result_BEAM_WIDTH262144_SLICE1_EVALUATION1_THRESHOLD20_SN2_EN12_202603d_233959.txt,262144,12,1,,1,2,20,69,59.802,False
result_BEAM_WIDTH262144_EVALUATION3_SLICE1_THRESHOLD24_SN4_EN13_202603d_031712.txt,262144,13,3,,1,4,24,71,60.218,False
result_BEAM_WIDTH262144_EVALUATION3_SLICE1_THRESHOLD16_SN3_EN15_202603d_001843.txt,262144,15,3,,1,3,16,68,60.225,False
result_SN2_EN12_SLICE1_BEAM_WIDTH262144_THRESHOLD22_EVALUATION1_202603d_223059.txt,262144,12,1,,1,2,22,70,60.69,False
result_BEAM_WIDTH262144_EVALUATION3_SLICE1_THRESHOLD24_SN2_EN13_202603d_030159.txt,262144,13,3,,1,2,24,69,61.232,False
result_BEAM_WIDTH262144_EVALUATION3_SLICE1_THRESHOLD22_SN2_EN11_202603d_021706.txt,262144,11,3,,1,2,22,70,61.308,False
result_BEAM_WIDTH262144_SLICE1_EVALUATION1_THRESHOLD20_SN2_EN10_202603d_233715.txt,262144,10,1,,1,2,20,66,61.403,False
result_BEAM_WIDTH262144_EVALUATION3_SLICE2_THRESHOLD18_SN2_EN14_202603d_042646.txt,262144,14,3,,2,2,18,80,61.51,False
result_BEAM_WIDTH262144_EVALUATION3_SLICE1_THRESHOLD16_SN4_EN13_202603d_002336.txt,262144,13,3,,1,4,16,69,61.714,False
result_BEAM_WIDTH262144_EVALUATION3_SLICE2_THRESHOLD20_SN5_EN14_202603d_052650.txt,262144,14,3,,2,5,20,83,61.835,False
result_BEAM_WIDTH262144_EVALUATION3_SLICE1_THRESHOLD20_SN3_EN10_202603d_014107.txt,262144,10,3,,1,3,20,75,61.854,False
result_SN2_EN12_SLICE1_BEAM_WIDTH262144_THRESHOLD24_EVALUATION2_202603d_223434.txt,262144,12,2,,1,2,24,69,61.917,False
result_BEAM_WIDTH262144_EVALUATION3_SLICE2_THRESHOLD20_SN3_EN15_202603d_051422.txt,262144,15,3,,2,3,20,82,61.934,False
result_BEAM_WIDTH262144_EVALUATION3_SLICE1_THRESHOLD16_SN6_EN11_202603d_003535.txt,262144,11,3,,1,6,16,76,62.045,False
result_BEAM_WIDTH262144_EVALUATION3_SLICE1_THRESHOLD18_SN5_EN14_202603d_011658.txt,262144,14,3,,1,5,18,73,62.062,False
result_BEAM_WIDTH262144_EVALUATION3_SLICE1_THRESHOLD22_SN5_EN14_202603d_024235.txt,262144,14,3,,1,5,22,79,62.071,False
result_BEAM_WIDTH262144_EVALUATION3_SLICE1_THRESHOLD18_SN5_EN10_202603d_011206.txt,262144,10,3,,1,5,18,75,62.19,False
result_BEAM_WIDTH262144_SLICE1_EVALUATION1_THRESHOLD20_SN3_EN11_202603d_234222.txt,262144,11,1,,1,3,20,72,62.254,False
result_BEAM_WIDTH262144_EVALUATION3_SLICE1_THRESHOLD20_SN3_EN12_202603d_014335.txt,262144,12,3,,1,3,20,70,62.284,False
result_BEAM_WIDTH262144_EVALUATION3_SLICE1_THRESHOLD22_SN2_EN10_202603d_021546.txt,262144,10,3,,1,2,22,72,62.436,False
result_BEAM_WIDTH262144_EVALUATION3_SLICE2_THRESHOLD16_SN2_EN13_202603d_034415.txt,262144,13,3,,2,2,16,74,62.564,False
result_BEAM_WIDTH262144_EVALUATION3_SLICE1_THRESHOLD18_SN7_EN13_202603d_012932.txt,262144,13,3,,1,7,18,83,62.834,False
result_BEAM_WIDTH262144_EVALUATION3_SLICE1_THRESHOLD24_SN2_EN10_202603d_025805.txt,262144,10,3,,1,2,24,73,63.012,False
result_BEAM_WIDTH262144_EVALUATION3_SLICE1_THRESHOLD24_SN3_EN12_202603d_030825.txt,262144,12,3,,1,3,24,68,63.042,False
result_BEAM_WIDTH262144_SLICE1_EVALUATION1_THRESHOLD22_SN2_EN10_202603d_235208.txt,262144,10,1,,1,2,22,70,63.102,False
result_BEAM_WIDTH262144_EVALUATION3_SLICE1_THRESHOLD20_SN4_EN11_202603d_014940.txt,262144,11,3,,1,4,20,72,63.146,False
result_BEAM_WIDTH262144_EVALUATION3_SLICE1_THRESHOLD18_SN2_EN11_202603d_004935.txt,262144,11,3,,1,2,18,68,63.165,False
result_BEAM_WIDTH262144_EVALUATION3_SLICE1_THRESHOLD22_SN3_EN14_202603d_022817.txt,262144,14,3,,1,3,22,67,63.296,False
result_BEAM_WIDTH262144_EVALUATION3_SLICE1_THRESHOLD18_SN6_EN15_202603d_012459.txt,262144,15,3,,1,6,18,74,63.309,False
result_BEAM_WIDTH262144_EVALUATION3_SLICE1_THRESHOLD24_SN3_EN13_202603d_030942.txt,262144,13,3,,1,3,24,69,63.744,False
result_BEAM_WIDTH262144_EVALUATION3_SLICE1_THRESHOLD18_SN2_EN15_202603d_005436.txt,262144,15,3,,1,2,18,72,63.839,False
result_BEAM_WIDTH262144_EVALUATION3_SLICE1_THRESHOLD22_SN3_EN15_202603d_022935.txt,262144,15,3,,1,3,22,70,64.111,False
result_SN2_EN14_SLICE1_BEAM_WIDTH262144_THRESHOLD22_EVALUATION1_202603d_230449.txt,262144,14,1,,1,2,22,69,64.218,False
result_BEAM_WIDTH262144_EVALUATION3_SLICE1_THRESHOLD24_SN5_EN14_202603d_032517.txt,262144,14,3,,1,5,24,78,64.32,False
result_BEAM_WIDTH262144_EVALUATION3_SLICE1_THRESHOLD16_SN5_EN13_202603d_003045.txt,262144,13,3,,1,5,16,75,64.591,False
result_BEAM_WIDTH262144_EVALUATION3_SLICE1_THRESHOLD18_SN4_EN10_202603d_010410.txt,262144,10,3,,1,4,18,74,64.595,False
result_BEAM_WIDTH262144_SLICE1_EVALUATION1_THRESHOLD20_SN4_EN12_202603d_234710.txt,262144,12,1,,1,4,20,72,64.682,False
result_BEAM_WIDTH262144_EVALUATION3_SLICE1_THRESHOLD24_SN3_EN14_202603d_031058.txt,262144,14,3,,1,3,24,68,64.728,False
result_BEAM_WIDTH262144_EVALUATION3_SLICE1_THRESHOLD22_SN2_EN13_202603d_021933.txt,262144,13,3,,1,2,22,73,64.759,False
result_BEAM_WIDTH262144_EVALUATION3_SLICE1_THRESHOLD24_SN4_EN14_202603d_031830.txt,262144,14,3,,1,4,24,75,64.824,False
result_BEAM_WIDTH262144_EVALUATION3_SLICE1_THRESHOLD18_SN3_EN12_202603d_005827.txt,262144,12,3,,1,3,18,71,64.934,False
result_BEAM_WIDTH262144_EVALUATION3_SLICE1_THRESHOLD18_SN2_EN13_202603d_005204.txt,262144,13,3,,1,2,18,75,65.104,False
result_BEAM_WIDTH262144_EVALUATION3_SLICE1_THRESHOLD24_SN2_EN11_202603d_025921.txt,262144,11,3,,1,2,24,75,65.28,False
result_BEAM_WIDTH262144_EVALUATION3_SLICE1_THRESHOLD20_SN3_EN13_202603d_014450.txt,262144,13,3,,1,3,20,67,65.405,False
result_BEAM_WIDTH262144_EVALUATION3_SLICE1_THRESHOLD18_SN5_EN12_202603d_011426.txt,262144,12,3,,1,5,18,80,65.592,False
result_BEAM_WIDTH262144_EVALUATION3_SLICE1_THRESHOLD18_SN4_EN14_202603d_010915.txt,262144,14,3,,1,4,18,77,65.623,False
result_BEAM_WIDTH262144_EVALUATION3_SLICE1_THRESHOLD24_SN2_EN12_202603d_030041.txt,262144,12,3,,1,2,24,74,65.689,False
result_BEAM_WIDTH262144_EVALUATION3_SLICE1_THRESHOLD20_SN2_EN11_202603d_013427.txt,262144,11,3,,1,2,20,73,65.83,False
result_BEAM_WIDTH262144_SLICE1_THRESHOLD20_SN2_EN10_EVALUATION1_202603d_000057.txt,262144,10,1,,1,2,20,73,66.216,False
result_BEAM_WIDTH262144_EVALUATION3_SLICE1_THRESHOLD20_SN2_EN13_202603d_013659.txt,262144,13,3,,1,2,20,72,66.309,False
result_BEAM_WIDTH262144_SLICE1_EVALUATION1_THRESHOLD22_SN3_EN10_202603d_235631.txt,262144,10,1,,1,3,22,65,66.314,False
result_BEAM_WIDTH262144_EVALUATION3_SLICE2_THRESHOLD16_SN5_EN12_202603d_040415.txt,262144,12,3,,2,5,16,88,66.398,False
result_BEAM_WIDTH262144_EVALUATION3_SLICE2_THRESHOLD16_SN3_EN10_202603d_034759.txt,262144,10,3,,2,3,16,82,66.406,False
result_BEAM_WIDTH262144_EVALUATION3_SLICE1_THRESHOLD24_SN2_EN14_202603d_030318.txt,262144,14,3,,1,2,24,76,66.635,False
result_BEAM_WIDTH262144_EVALUATION3_SLICE1_THRESHOLD20_SN5_EN11_202603d_015700.txt,262144,11,3,,1,5,20,81,66.759,False
result_BEAM_WIDTH262144_SLICE1_EVALUATION1_THRESHOLD20_SN4_EN10_202603d_234444.txt,262144,10,1,,1,4,20,76,67.092,False
result_BEAM_WIDTH262144_EVALUATION3_SLICE1_THRESHOLD20_SN4_EN13_202603d_015203.txt,262144,13,3,,1,4,20,74,67.638,False
result_BEAM_WIDTH262144_EVALUATION3_SLICE1_THRESHOLD18_SN3_EN14_202603d_010114.txt,262144,14,3,,1,3,18,72,67.935,False
result_BEAM_WIDTH262144_EVALUATION3_SLICE1_THRESHOLD24_SN3_EN15_202603d_031217.txt,262144,15,3,,1,3,24,69,68.21,False
result_BEAM_WIDTH262144_EVALUATION3_SLICE1_THRESHOLD24_SN2_EN15_202603d_030439.txt,262144,15,3,,1,2,24,76,68.252,False
result_BEAM_WIDTH262144_EVALUATION3_SLICE1_THRESHOLD18_SN3_EN11_202603d_005706.txt,262144,11,3,,1,3,18,77,68.595,False
result_BEAM_WIDTH262144_EVALUATION3_SLICE1_THRESHOLD22_SN3_EN12_202603d_022544.txt,262144,12,3,,1,3,22,72,68.641,False
result_BEAM_WIDTH262144_EVALUATION3_SLICE1_THRESHOLD20_SN2_EN10_202603d_013303.txt,262144,10,3,,1,2,20,69,69.328,False
result_BEAM_WIDTH262144_EVALUATION3_SLICE1_THRESHOLD18_SN4_EN13_202603d_010752.txt,262144,13,3,,1,4,18,72,69.397,False
result_BEAM_WIDTH262144_SLICE1_EVALUATION1_THRESHOLD18_SN3_EN10_202603d_232654.txt,262144,10,1,,1,3,18,86,69.409,False
result_BEAM_WIDTH262144_SLICE1_EVALUATION1_THRESHOLD22_SN2_EN11_202603d_235328.txt,262144,11,1,,1,2,22,71,70.244,False
result_BEAM_WIDTH262144_SLICE1_EVALUATION1_THRESHOLD22_SN3_EN11_202603d_235754.txt,262144,11,1,,1,3,22,83,70.975,False
result_BEAM_WIDTH262144_SLICE1_EVALUATION1_THRESHOLD20_SN2_EN11_202603d_233828.txt,262144,11,1,,1,2,20,80,71.466,False
result_SN2_EN12_SLICE2_BEAM_WIDTH262144_THRESHOLD24_EVALUATION2_202603d_224104.txt,262144,12,2,,2,2,24,98,72.674,False
result_BEAM_WIDTH262144_EVALUATION3_SLICE2_THRESHOLD16_SN3_EN12_202603d_035030.txt,262144,12,3,,2,3,16,94,72.801,False
result_SN2_EN12_SLICE64_BEAM_WIDTH262144_THRESHOLD22_EVALUATION2_202603d_225834.txt,262144,12,2,,64,2,22,116,74.078,False
result_BEAM_WIDTH262144_EVALUATION3_SLICE2_THRESHOLD16_SN5_EN15_202603d_040748.txt,262144,15,3,,2,5,16,96,74.732,False
result_BEAM_WIDTH262144_SLICE1_EVALUATION1_THRESHOLD22_SN3_EN12_202603d_235923.txt,262144,12,1,,1,3,22,79,75.046,False
result_BEAM_WIDTH262144_EVALUATION3_SLICE1_THRESHOLD18_SN3_EN13_202603d_005945.txt,262144,13,3,,1,3,18,68,75.274,False
result_SN2_EN10_SLICE1_THRESHOLD20_EVALUATION2_BEAM_WIDTH262144_QUEUE_SIZE4194304_202603d_231208.txt,262144,10,2,4194304,1,2,20,66,77.242,False
result_BEAM_WIDTH262144_EVALUATION3_SLICE1_THRESHOLD18_SN4_EN15_202603d_011033.txt,262144,15,3,,1,4,18,91,78.977,False
result_BEAM_WIDTH262144_EVALUATION3_SLICE1_THRESHOLD20_SN2_EN14_202603d_013818.txt,262144,14,3,,1,2,20,84,80.078,False
result_BEAM_WIDTH262144_EVALUATION3_SLICE1_THRESHOLD18_SN3_EN15_202603d_010235.txt,262144,15,3,,1,3,18,92,80.989,False
result_BEAM_WIDTH262144_SLICE1_EVALUATION1_THRESHOLD22_SN2_EN12_202603d_235454.txt,262144,12,1,,1,2,22,75,82.369,False
result_SN2_EN10_SLICE1_THRESHOLD20_EVALUATION1_BEAM_WIDTH262144_QUEUE_SIZE4194304_202603d_230653.txt,262144,10,1,4194304,1,2,20,70,84.463,False
result_SN2_EN10_SLICE1_THRESHOLD20_EVALUATION1_BEAM_WIDTH524288_QUEUE_SIZE4194304_202603d_230836.txt,524288,10,1,4194304,1,2,20,78,193.566,False
result_SN4_EN10_SLICE1_BEAM_WIDTH262144_THRESHOLD22_202603d_210506.txt,262144,10,,,1,4,22,69,277.134,True
result_SN4_EN10_SLICE1_BEAM_WIDTH16384_THRESHOLD22_202603d_211001.txt,16384,10,,,1,4,22,70,290.978,True
result_SN4_EN10_SLICE2_BEAM_WIDTH262144_THRESHOLD22_202603d_211512.txt,262144,10,,,2,4,22,71,342.478,True
