180,189,266,269,185,7,188,206,152,113,175,219,39,274,138,157,56,194,169,267,248,23,69,191
225,249,48,277,60,177,164,111,164,272,287,73,126,198,159,176,172,258,175,139,127,121,185,245
250,16,47,215,221,112,195,190,238,64,70,200,204,129,148,141,65,77,135,233,163,31,95,213
235,203,204,120,229,41,42,45,143,174,11,244,125,75,121,4,191,98,198,132,91,75,205,227
18,92,268,136,27,35,32,256,140,66,35,117,252,165,183,271,134,174,266,139,17,222,287,71
214,12,13,88,208,116,154,0,19,107,237,19,22,111,89,71,264,192,220,53,74,144,98,140
29,100,223,135,240,68,260,200,13,269,25,73,63,105,234,262,81,50,37,231,187,103,201,124
246,9,25,228,160,117,265,17,210,251,67,259,230,133,171,120,235,8,59,194,154,219,39,26
9,151,184,165,279,4,249,93,196,51,245,83,113,247,127,239,147,79,72,123,108,173,122,216
149,286,244,190,91,107,211,49,50,130,193,151,141,242,254,275,206,218,240,42,57,101,62,155
15,189,197,148,5,89,60,115,278,168,104,102,285,158,273,30,282,23,92,282,280,233,252,114
201,55,169,85,116,76,234,130,47,142,97,36,24,270,284,61,28,258,12,0,54,43,277,149
93,133,128,236,137,87,163,6,85,20,128,2,177,103,279,46,46,255,209,247,54,69,199,97
15,166,7,51,115,256,110,99,14,101,162,157,78,285,123,78,236,142,33,3,186,106,276,150
58,5,281,138,104,21,81,114,241,44,94,159,202,8,246,158,88,90,64,152,126,205,22,27
58,153,63,74,3,243,80,96,178,186,102,86,28,226,270,10,109,166,55,124,34,167,182,171
41,162,20,160,77,1,273,56,109,179,155,183,187,137,241,208,90,228,62,280,268,32,207,232
38,99,118,260,199,276,231,263,136,31,170,254,223,197,52,108,156,38,145,40,2,193,217,110
40,86,61,125,267,112,209,146,184,45,79,238,134,220,212,251,170,179,182,203,100,147,119,29
44,286,253,119,131,224,278,283,145,222,82,242,261,96,156,49,259,284,225,210,181,213,188,80
122,216,94,65,43,215,178,131,68,84,230,95,34,105,250,11,237,82,227,57,168,264,265,16
272,229,118,37,33,24,52,214,263,87,248,257,262,26,161,36,243,221,217,202,207,281,224,18
161,180,70,72,59,226,150,106,192,274,275,218,211,181,261,132,144,10,212,255,167,253,1,196
129,66,239,283,195,173,14,232,84,21,143,172,30,176,76,153,271,83,48,67,6,146,53,257
